Url,Ghi chú
https://instagram.com/nhatvythaitran,
https://instagram.com/huynhphuongquyen,
https://instagram.com/minhtu.ngguyen__,
https://instagram.com/minhngoc.212,
https://instagram.com/quenhi.phamm,
https://instagram.com/trangtrangbabi,
https://instagram.com/mypynkmy,
https://instagram.com/nganhhhh_,
https://instagram.com/yennhi0801,Lấy tay che mặt là được
https://instagram.com/minhminhsport28495,
https://instagram.com/tkdboutique,
https://instagram.com/mocvy_fitness,
https://instagram.com/kim_anh.203,
https://instagram.com/anliyyy___,
https://instagram.com/emillynguyen1997,
https://instagram.com/elis.ngoc323,
https://instagram.com/thythy.b,
https://instagram.com/xuxu_butt,
https://instagram.com/withddanh,
https://instagram.com/ngocthanhh1110,
https://instagram.com/ledie.u,
https://instagram.com/huyendior,
https://instagram.com/tranngocthuy_66,
https://instagram.com/xuxu_miss_you,
https://instagram.com/foxie.vn,
https://instagram.com/_phth__,
https://instagram.com/phuonganh.280,
https://instagram.com/hideonbushhhhhhhhh,
https://instagram.com/arian.aqualy0702,
https://instagram.com/vpt.fuong,
https://instagram.com/hmu1408,
https://instagram.com/grape.0912,
https://instagram.com/duongmydienn,
https://instagram.com/tietmyanh,
https://instagram.com/bang.thuu,
https://instagram.com/chichanlala,
https://instagram.com/_phth__,
https://instagram.com/minhthuphan1208,
https://instagram.com/ha_hoang0104,
https://instagram.com/tagmimi,
https://instagram.com/withdanh,
https://instagram.com/tnhung21,
https://instagram.com/vulehoanganhtiger,
https://instagram.com/___callmevanila,
https://instagram.com/trinhcherrybaby,
https://instagram.com/funn_nee,
https://instagram.com/viviana.205_,
https://instagram.com/_linhngocnhi_,
https://instagram.com/_rinka_mie,
https://instagram.com/99m68_,
https://instagram.com/nguyenphamtuuyn,
https://instagram.com/l_d3036,
https://www.instagram.com/thythy.b/,
https://instagram.com/pemi__?igshid=NDc0ODY0MjQ=,
https://instagram.com/chin_19022?igshid=YmMyMTA2M2Y=,
https://instagram.com/meistam.05?igshid=YmMyMTA2M2Y=,
https://instagram.com/ng_athu22?igshid=YmMyMTA2M2Y=,
https://instagram.com/lilygumii?igshid=YmMyMTA2M2Y=,
https://instagram.com/nhung.hong2199?igshid=YmMyMTA2M2Y=,
https://instagram.com/phnglminh?igshid=NDc0ODY0MjQ=,
https://instagram.com/_nnmt95?igshid=NDc0ODY0MjQ=,